{"cameraMode":{"drawMode":0,"name":"Shaded","section":"Shading Mode"},"sceneLighting":true,"audioPlay":false,"sceneViewState":{"showFog":true,"showMaterialUpdate":false,"showSkybox":true,"showFlares":true,"showImageEffects":true,"showParticleSystems":true},"in2DMode":false,"pivot":{"x":-7.988765716552734,"y":-8.159461975097657,"z":6.547144412994385},"rotation":{"x":-0.18075242638587953,"y":0.8175342679023743,"z":-0.41508376598358157,"w":-0.35600581765174868},"size":5.312108516693115,"orthographic":false}