{"cameraMode":{"drawMode":0,"name":"Shaded","section":"Shading Mode"},"sceneLighting":true,"audioPlay":false,"sceneViewState":{"showFog":true,"showMaterialUpdate":false,"showSkybox":true,"showFlares":true,"showImageEffects":true,"showParticleSystems":true},"in2DMode":false,"pivot":{"x":-15.446470260620118,"y":-1.1879677772521973,"z":1.3416469097137452},"rotation":{"x":-0.0977059155702591,"y":0.7861236929893494,"z":-0.1287204921245575,"w":-0.5966194272041321},"size":13.914194107055664,"orthographic":false}