{"cameraMode":{"drawMode":0,"name":"Shaded","section":"Shading Mode"},"sceneLighting":true,"audioPlay":false,"sceneViewState":{"showFog":true,"showMaterialUpdate":false,"showSkybox":true,"showFlares":true,"showImageEffects":true,"showParticleSystems":true},"in2DMode":false,"pivot":{"x":-0.0008067353628575802,"y":0.5385347008705139,"z":0.007543106097728014},"rotation":{"x":-0.136722594499588,"y":0.5378933548927307,"z":-0.08889858424663544,"w":-0.8271235823631287},"size":0.5385881066322327,"orthographic":false}