{"cameraMode":{"drawMode":0,"name":"Shaded","section":"Shading Mode"},"sceneLighting":false,"audioPlay":false,"sceneViewState":{"showFog":true,"showMaterialUpdate":false,"showSkybox":false,"showFlares":true,"showImageEffects":true,"showParticleSystems":true},"in2DMode":false,"pivot":{"x":0.0,"y":1.0771574974060059,"z":5.902519226074219},"rotation":{"x":0.20787270367145539,"y":-0.6395747065544128,"z":0.18547289073467256,"w":0.7165385484695435},"size":8.203609466552735,"orthographic":false}