{"cameraMode":{"drawMode":0,"name":"Shaded","section":"Shading Mode"},"sceneLighting":true,"audioPlay":false,"sceneViewState":{"showFog":true,"showMaterialUpdate":false,"showSkybox":true,"showFlares":true,"showImageEffects":true,"showParticleSystems":true},"in2DMode":false,"pivot":{"x":-1.7553629875183106,"y":-1.1363661289215088,"z":9.951946258544922},"rotation":{"x":-0.1847556233406067,"y":-0.46648451685905459,"z":0.10031116008758545,"w":-0.8591910004615784},"size":2.4557437896728517,"orthographic":false}