{"cameraMode":{"drawMode":0,"name":"Shaded","section":"Shading Mode"},"sceneLighting":true,"audioPlay":false,"sceneViewState":{"showFog":true,"showMaterialUpdate":false,"showSkybox":true,"showFlares":true,"showImageEffects":true,"showParticleSystems":true},"in2DMode":false,"pivot":{"x":0.3193320631980896,"y":1.1262232065200806,"z":1.894620656967163},"rotation":{"x":0.020246362313628198,"y":0.2046045958995819,"z":0.004261250142008066,"w":-0.978661835193634},"size":4.489582061767578,"orthographic":false}