{"cameraMode":{"drawMode":0,"name":"Shaded","section":"Shading Mode"},"sceneLighting":true,"audioPlay":false,"sceneViewState":{"showFog":true,"showMaterialUpdate":false,"showSkybox":true,"showFlares":true,"showImageEffects":true,"showParticleSystems":true},"in2DMode":false,"pivot":{"x":1.1641532182693482e-10,"y":0.11000001430511475,"z":9.313225746154786e-10},"rotation":{"x":0.055425286293029788,"y":-0.683618426322937,"z":-0.052175123244524,"w":-0.7259094715118408},"size":2.4073948860168459,"orthographic":false}