{"cameraMode":{"drawMode":0,"name":"Shaded","section":"Shading Mode"},"sceneLighting":true,"audioPlay":false,"sceneViewState":{"showFog":true,"showMaterialUpdate":false,"showSkybox":true,"showFlares":true,"showImageEffects":true,"showParticleSystems":true},"in2DMode":false,"pivot":{"x":-3.0611352920532228,"y":0.5108070373535156,"z":4.432629585266113},"rotation":{"x":0.1887132078409195,"y":-0.4185220003128052,"z":0.08929473906755448,"w":0.883941113948822},"size":0.4016379117965698,"orthographic":false}