{"cameraMode":{"drawMode":0,"name":"Shaded","section":"Shading Mode"},"sceneLighting":true,"audioPlay":false,"sceneViewState":{"showFog":true,"showMaterialUpdate":false,"showSkybox":true,"showFlares":true,"showImageEffects":true,"showParticleSystems":true},"in2DMode":false,"pivot":{"x":-0.6732207536697388,"y":0.3046708106994629,"z":-0.614128053188324},"rotation":{"x":-0.04782603681087494,"y":0.7519916892051697,"z":-0.05493275821208954,"w":-0.6551756262779236},"size":3.002030849456787,"orthographic":false}