{"cameraMode":{"drawMode":0,"name":"Shaded","section":"Shading Mode"},"sceneLighting":true,"audioPlay":false,"sceneViewState":{"showFog":true,"showMaterialUpdate":false,"showSkybox":true,"showFlares":true,"showImageEffects":true,"showParticleSystems":true},"in2DMode":false,"pivot":{"x":4.084861755371094,"y":-4.076284408569336,"z":0.16747894883155824},"rotation":{"x":0.7122941613197327,"y":-0.011578785255551339,"z":0.011753994971513749,"w":0.7016889452934265},"size":13.767178535461426,"orthographic":false}