{"cameraMode":{"drawMode":0,"name":"Shaded","section":"Shading Mode"},"sceneLighting":true,"audioPlay":false,"sceneViewState":{"showFog":true,"showMaterialUpdate":false,"showSkybox":true,"showFlares":true,"showImageEffects":true,"showParticleSystems":true},"in2DMode":false,"pivot":{"x":-19.932785034179689,"y":-10.721632957458496,"z":-17.340633392333986},"rotation":{"x":0.05716194584965706,"y":-0.9285825490951538,"z":0.1659240424633026,"w":0.32864540815353396},"size":37.70988845825195,"orthographic":false}