{"cameraMode":{"drawMode":0,"name":"Shaded","section":"Shading Mode"},"sceneLighting":true,"audioPlay":false,"sceneViewState":{"showFog":true,"showMaterialUpdate":false,"showSkybox":true,"showFlares":true,"showImageEffects":true,"showParticleSystems":true},"in2DMode":false,"pivot":{"x":15.816490173339844,"y":-1.9701576232910157,"z":18.178695678710939},"rotation":{"x":-0.0966484472155571,"y":-0.2932896316051483,"z":0.02981392666697502,"w":-0.9507310390472412},"size":52.24671173095703,"orthographic":false}