{"cameraMode":{"drawMode":0,"name":"Shaded","section":"Shading Mode"},"sceneLighting":true,"audioPlay":false,"sceneViewState":{"showFog":true,"showMaterialUpdate":false,"showSkybox":true,"showFlares":true,"showImageEffects":true,"showParticleSystems":true},"in2DMode":false,"pivot":{"x":8.743562698364258,"y":1.9699962139129639,"z":-6.182732582092285},"rotation":{"x":-0.21280495822429658,"y":0.29589715600013735,"z":-0.06810317188501358,"w":-0.9288662075996399},"size":31.907440185546876,"orthographic":false}