{"cameraMode":{"drawMode":0,"name":"Shaded","section":"Shading Mode"},"sceneLighting":false,"audioPlay":false,"sceneViewState":{"showFog":true,"showMaterialUpdate":false,"showSkybox":false,"showFlares":true,"showImageEffects":true,"showParticleSystems":true},"in2DMode":false,"pivot":{"x":-9.28973388671875,"y":0.263785719871521,"z":-1.2449419498443604},"rotation":{"x":-0.12746401131153108,"y":-0.3247564435005188,"z":0.04417894780635834,"w":-0.9361760020256043},"size":1.616600513458252,"orthographic":false}