{"cameraMode":{"drawMode":0,"name":"Shaded","section":"Shading Mode"},"sceneLighting":true,"audioPlay":false,"sceneViewState":{"showFog":true,"showMaterialUpdate":false,"showSkybox":true,"showFlares":true,"showImageEffects":true,"showParticleSystems":true},"in2DMode":false,"pivot":{"x":717.479736328125,"y":55.147010803222659,"z":13.855880737304688},"rotation":{"x":0.024806901812553407,"y":-0.007502719759941101,"z":0.0001844970101956278,"w":0.9996733665466309},"size":100.49546813964844,"orthographic":false}