{"cameraMode":{"drawMode":0,"name":"Shaded","section":"Shading Mode"},"sceneLighting":true,"audioPlay":false,"sceneViewState":{"showFog":true,"showMaterialUpdate":false,"showSkybox":true,"showFlares":true,"showImageEffects":true,"showParticleSystems":true},"in2DMode":false,"pivot":{"x":477.0563049316406,"y":199.8026123046875,"z":17.430206298828126},"rotation":{"x":0.024806901812553407,"y":-0.007502719759941101,"z":0.0001844970101956278,"w":0.9996733665466309},"size":187.41819763183595,"orthographic":false}