{"cameraMode":{"drawMode":0,"name":"Shaded","section":"Shading Mode"},"sceneLighting":true,"audioPlay":false,"sceneViewState":{"showFog":true,"showMaterialUpdate":false,"showSkybox":false,"showFlares":true,"showImageEffects":true,"showParticleSystems":true},"in2DMode":false,"pivot":{"x":0.0,"y":23.68930435180664,"z":-28.798908233642579},"rotation":{"x":0.012691735289990902,"y":0.005835175048559904,"z":0.00040642201201990247,"w":-1.0002156496047974},"size":162.81175231933595,"orthographic":false}