{"cameraMode":{"drawMode":0,"name":"Shaded","section":"Shading Mode"},"sceneLighting":true,"audioPlay":false,"sceneViewState":{"showFog":true,"showMaterialUpdate":false,"showSkybox":true,"showFlares":true,"showImageEffects":true,"showParticleSystems":true},"in2DMode":false,"pivot":{"x":-13.111751556396485,"y":-0.8590184450149536,"z":2.100147008895874},"rotation":{"x":0.4172004759311676,"y":-0.17628592252731324,"z":0.0828188955783844,"w":0.8877643346786499},"size":2.33369779586792,"orthographic":false}