{"cameraMode":{"drawMode":0,"name":"Shaded","section":"Shading Mode"},"sceneLighting":false,"audioPlay":false,"sceneViewState":{"showFog":true,"showMaterialUpdate":false,"showSkybox":false,"showFlares":true,"showImageEffects":true,"showParticleSystems":true},"in2DMode":false,"pivot":{"x":337.6358642578125,"y":378.8187255859375,"z":6.071725368499756},"rotation":{"x":0.024806901812553407,"y":-0.007502719759941101,"z":0.0001844970101956278,"w":0.9996733665466309},"size":139.68516540527345,"orthographic":false}