{"cameraMode":{"drawMode":0,"name":"Shaded","section":"Shading Mode"},"sceneLighting":false,"audioPlay":false,"sceneViewState":{"showFog":true,"showMaterialUpdate":false,"showSkybox":false,"showFlares":true,"showImageEffects":true,"showParticleSystems":true},"in2DMode":false,"pivot":{"x":1.4359676837921143,"y":1.1174747943878174,"z":0.9011229276657105},"rotation":{"x":-0.25791797041893008,"y":0.14227844774723054,"z":-0.038424912840127948,"w":-0.9548755288124085},"size":0.36538201570510867,"orthographic":false}