{"cameraMode":{"drawMode":0,"name":"Shaded","section":"Shading Mode"},"sceneLighting":false,"audioPlay":false,"sceneViewState":{"showFog":true,"showMaterialUpdate":false,"showSkybox":false,"showFlares":true,"showImageEffects":true,"showParticleSystems":true},"in2DMode":false,"pivot":{"x":0.00013466179370880127,"y":0.03617685288190842,"z":0.037743937224149707},"rotation":{"x":-0.01858866773545742,"y":-0.9148662686347961,"z":0.042398158460855487,"w":-0.4011245369911194},"size":0.15751057863235475,"orthographic":false}