{"cameraMode":{"drawMode":0,"name":"Shaded","section":"Shading Mode"},"sceneLighting":true,"audioPlay":false,"sceneViewState":{"showFog":true,"showMaterialUpdate":false,"showSkybox":true,"showFlares":true,"showImageEffects":true,"showParticleSystems":true},"in2DMode":false,"pivot":{"x":89.29914855957031,"y":64.36463928222656,"z":-117.21965026855469},"rotation":{"x":0.01962517760694027,"y":-0.054834332317113879,"z":-0.001812581904232502,"w":-0.9986091256141663},"size":1.4552226066589356,"orthographic":false}