{"cameraMode":{"drawMode":0,"name":"Shaded","section":"Shading Mode"},"sceneLighting":true,"audioPlay":false,"sceneViewState":{"showFog":true,"showMaterialUpdate":false,"showSkybox":true,"showFlares":true,"showImageEffects":true,"showParticleSystems":true},"in2DMode":false,"pivot":{"x":434.12249755859377,"y":267.0369873046875,"z":-22.760284423828126},"rotation":{"x":0.147759810090065,"y":0.009884637780487538,"z":-0.0014766440726816655,"w":0.9889772534370422},"size":79.61502075195313,"orthographic":false}