{"cameraMode":{"drawMode":0,"name":"Shaded","section":"Shading Mode"},"sceneLighting":false,"audioPlay":false,"sceneViewState":{"showFog":true,"showMaterialUpdate":false,"showSkybox":false,"showFlares":true,"showImageEffects":true,"showParticleSystems":true},"in2DMode":false,"pivot":{"x":-14.042423248291016,"y":-0.6299669742584229,"z":-0.13127577304840089},"rotation":{"x":-0.1661359816789627,"y":-0.7465941905975342,"z":0.202864408493042,"w":-0.6114487051963806},"size":1.6590325832366944,"orthographic":false}