{"cameraMode":{"drawMode":0,"name":"Shaded","section":"Shading Mode"},"sceneLighting":true,"audioPlay":false,"sceneViewState":{"showFog":true,"showMaterialUpdate":false,"showSkybox":true,"showFlares":true,"showImageEffects":true,"showParticleSystems":true},"in2DMode":false,"pivot":{"x":-27.931007385253908,"y":-10.360832214355469,"z":5.6894659996032719},"rotation":{"x":0.24884498119354249,"y":-0.7493703365325928,"z":0.4023965001106262,"w":0.4633401930332184},"size":12.29686164855957,"orthographic":false}