{"cameraMode":{"drawMode":0,"name":"Shaded","section":"Shading Mode"},"sceneLighting":true,"audioPlay":false,"sceneViewState":{"showFog":true,"showMaterialUpdate":false,"showSkybox":true,"showFlares":true,"showImageEffects":true,"showParticleSystems":true},"in2DMode":false,"pivot":{"x":0.5068120956420898,"y":2.3673324584960939,"z":-40.00112533569336},"rotation":{"x":0.01129569485783577,"y":0.9832015037536621,"z":-0.06529149413108826,"w":0.17009109258651734},"size":28.681842803955079,"orthographic":false}