{"cameraMode":{"drawMode":0,"name":"Shaded","section":"Shading Mode"},"sceneLighting":false,"audioPlay":false,"sceneViewState":{"showFog":true,"showMaterialUpdate":false,"showSkybox":false,"showFlares":true,"showImageEffects":true,"showParticleSystems":true},"in2DMode":false,"pivot":{"x":0.41105782985687258,"y":-0.06371834874153137,"z":1.056185007095337},"rotation":{"x":0.27055343985557558,"y":-0.48947128653526308,"z":0.16292493045330048,"w":0.812865138053894},"size":0.6646813154220581,"orthographic":false}