{"cameraMode":{"drawMode":0,"name":"Shaded","section":"Shading Mode"},"sceneLighting":true,"audioPlay":false,"sceneViewState":{"showFog":true,"showMaterialUpdate":false,"showSkybox":true,"showFlares":true,"showImageEffects":true,"showParticleSystems":true},"in2DMode":false,"pivot":{"x":15.938969612121582,"y":-3.9199814796447756,"z":-43.40858459472656},"rotation":{"x":-0.0023670694790780546,"y":-0.9971415996551514,"z":0.03531108424067497,"w":-0.06679651886224747},"size":33.263206481933597,"orthographic":false}