{"cameraMode":{"drawMode":0,"name":"Shaded","section":"Shading Mode"},"sceneLighting":true,"audioPlay":false,"sceneViewState":{"showFog":true,"showMaterialUpdate":false,"showSkybox":true,"showFlares":true,"showImageEffects":true,"showParticleSystems":true},"in2DMode":false,"pivot":{"x":12.218461990356446,"y":-3.628312587738037,"z":-43.93009948730469},"rotation":{"x":-0.0023670694790780546,"y":-0.9971415996551514,"z":0.03531108424067497,"w":-0.06679651886224747},"size":26.316024780273439,"orthographic":false}