{"cameraMode":{"drawMode":0,"name":"Shaded","section":"Shading Mode"},"sceneLighting":true,"audioPlay":false,"sceneViewState":{"showFog":true,"showMaterialUpdate":false,"showSkybox":true,"showFlares":true,"showImageEffects":true,"showParticleSystems":true},"in2DMode":false,"pivot":{"x":-0.2156599760055542,"y":-0.5847786664962769,"z":3.269101619720459},"rotation":{"x":-0.044508129358291629,"y":0.5368618369102478,"z":-0.02837824448943138,"w":-0.8420237898826599},"size":4.230214595794678,"orthographic":false}