{"cameraMode":{"drawMode":0,"name":"Shaded","section":"Shading Mode"},"sceneLighting":true,"audioPlay":false,"sceneViewState":{"showFog":true,"showMaterialUpdate":false,"showSkybox":true,"showFlares":true,"showImageEffects":true,"showParticleSystems":true},"in2DMode":false,"pivot":{"x":-2.5014781951904299,"y":-4.926514625549316,"z":8.997420310974121},"rotation":{"x":-0.18484117090702058,"y":0.38918179273605349,"z":-0.08003198355436325,"w":-0.8988771438598633},"size":9.431066513061524,"orthographic":false}