{"cameraMode":{"drawMode":0,"name":"Shaded","section":"Shading Mode"},"sceneLighting":false,"audioPlay":false,"sceneViewState":{"showFog":true,"showMaterialUpdate":false,"showSkybox":false,"showFlares":true,"showImageEffects":true,"showParticleSystems":true},"in2DMode":false,"pivot":{"x":-2.7596161365509035,"y":-0.270782470703125,"z":-0.9863059520721436},"rotation":{"x":-0.12023141235113144,"y":0.8508989810943604,"z":-0.22209051251411439,"w":-0.4606572985649109},"size":4.207394599914551,"orthographic":false}