{"cameraMode":{"drawMode":0,"name":"Shaded","section":"Shading Mode"},"sceneLighting":true,"audioPlay":false,"sceneViewState":{"showFog":true,"showMaterialUpdate":false,"showSkybox":true,"showFlares":true,"showImageEffects":true,"showParticleSystems":true},"in2DMode":false,"pivot":{"x":0.09726281464099884,"y":-0.39470282196998598,"z":-0.06829468905925751},"rotation":{"x":0.0018791143083944917,"y":0.9963377118110657,"z":-0.08269525319337845,"w":0.022724295035004617},"size":1.2748918533325196,"orthographic":false}