{"cameraMode":{"drawMode":0,"name":"Shaded","section":"Shading Mode"},"sceneLighting":true,"audioPlay":false,"sceneViewState":{"showFog":true,"showMaterialUpdate":false,"showSkybox":true,"showFlares":true,"showImageEffects":true,"showParticleSystems":true},"in2DMode":false,"pivot":{"x":0.2847432792186737,"y":-1.7521214485168458,"z":3.959007978439331},"rotation":{"x":-0.026787664741277696,"y":-0.03887755423784256,"z":0.001035763998515904,"w":-0.9989200234413147},"size":2.67558217048645,"orthographic":false}