{"cameraMode":{"drawMode":0,"name":"Shaded","section":"Shading Mode"},"sceneLighting":true,"audioPlay":false,"sceneViewState":{"showFog":true,"showMaterialUpdate":false,"showSkybox":true,"showFlares":true,"showImageEffects":true,"showParticleSystems":true},"in2DMode":false,"pivot":{"x":279.5301513671875,"y":295.3011474609375,"z":13.498346328735352},"rotation":{"x":-0.05963490530848503,"y":-0.06872488558292389,"z":0.0041078501380980019,"w":-0.995876669883728},"size":212.815185546875,"orthographic":false}