{"cameraMode":{"drawMode":0,"name":"Shaded","section":"Shading Mode"},"sceneLighting":true,"audioPlay":false,"sceneViewState":{"showFog":true,"showMaterialUpdate":false,"showSkybox":true,"showFlares":true,"showImageEffects":true,"showParticleSystems":true},"in2DMode":false,"pivot":{"x":7.021086692810059,"y":-0.8738231658935547,"z":-4.790364742279053},"rotation":{"x":-0.11595558375120163,"y":-0.836506724357605,"z":0.19437170028686524,"w":-0.49903422594070437},"size":10.261085510253907,"orthographic":false}