{"cameraMode":{"drawMode":0,"name":"Shaded","section":"Shading Mode"},"sceneLighting":true,"audioPlay":false,"sceneViewState":{"showFog":true,"showMaterialUpdate":false,"showSkybox":true,"showFlares":true,"showImageEffects":true,"showParticleSystems":true},"in2DMode":false,"pivot":{"x":0.24312449991703034,"y":1.0842030048370362,"z":0.3530840277671814},"rotation":{"x":0.043864089995622638,"y":-0.9304397702217102,"z":0.11862128227949143,"w":0.3439725339412689},"size":2.336090564727783,"orthographic":false}