{"cameraMode":{"drawMode":0,"name":"Shaded","section":"Shading Mode"},"sceneLighting":true,"audioPlay":false,"sceneViewState":{"showFog":true,"showMaterialUpdate":false,"showSkybox":true,"showFlares":true,"showImageEffects":true,"showParticleSystems":true},"in2DMode":false,"pivot":{"x":14.119296073913575,"y":-1.0205570459365845,"z":-0.9600000381469727},"rotation":{"x":0.013635436072945595,"y":-0.9794052243232727,"z":0.1886724978685379,"w":0.0707433670759201},"size":1.0164406299591065,"orthographic":false}